Rule,Table 1,Table 2,Table 3,Table 4,Table 5,Table 6,,,,,,,,,,
Block processing,FALSE,FALSE,FALSE,FALSE,FALSE,FALSE,,,,,,,,,,
Strictest match first,TRUE,TRUE,TRUE,TRUE,TRUE,TRUE,,,,,,,,,,
Stair stepping,TRUE,TRUE,TRUE,TRUE,TRUE,TRUE,,,,,,,,,,
Table 1 exclusion,FALSE,TRUE,FALSE,FALSE,FALSE,FALSE,,,,,,,,,,
Table 2 exclusion,FALSE,FALSE,FALSE,FALSE,FALSE,FALSE,,,,,,,,,,
Table 3 exclusion,FALSE,FALSE,FALSE,FALSE,FALSE,FALSE,,,,,,,,,,
Table 4 exclusion,FALSE,FALSE,FALSE,FALSE,FALSE,FALSE,,,,,,,,,,
Table 5 exclusion,FALSE,FALSE,FALSE,FALSE,FALSE,FALSE,,,,,,,,,,
,,,,,,,,,,,,,,,,
,,,,,,,,,,,,,,,,
Setting,Value,,,,,,,,,,,,,,,
*STD-VERSION*,1.0.0,,,,,,,,,,,,,,,
*STD-NA*,NA,,,,,,,,,,,,,,,
*STD-LOG-LEVEL*,4,,,,,,,,,,,,,,,
*STD-DEBUG-LOOKUP-IO*,TRUE,,,,,,,,,,,,,,,
*STD-DEBUG-LOOKUP-LIMIT*,4,,,,,,,,,,,,,,,
*STD-ANGLE-PRECISION-DEG*,5,,,,,,,,,,,,,,,
*STD-TEXT-HEIGHT-PRECISION*,0.1,,,,,,,,,,,,,,,
*STD-TEXT-ROTATION-PRECISION-DEG*,5,,,,,,,,,,,,,,,
*STD-MISSING-LAYER-MAKE*,TRUE,,,,,,,,,,,,,,,
*STD-MISSING-STYLE-MAKE*,TRUE,,,,,,,,,,,,,,,
,,,,,,,,,,,,,,,,
,,,,,,,,,,,,,,,,
Table,Side,Layer,Color,Linetype,Angle,Delete entity,Force annotation to default,Text height,Anno style,Arrowhead 1,Arrowhead 2,Text contents,Search window,Search geometry types,Search target layer,Block name
1,FROM,S-FRM-HATCH,NA,NA,NA,FALSE,TRUE,NA,NA,NA,NA,NA,NA,NA,NA,NA
1,TO,S-FRM-BKGD-HATC,256,BYLAYER,NA,FALSE,TRUE,NA,NA,NA,NA,NA,NA,NA,NA,NA
1,FROM,S-ANN0-TEXT,NA,NA,NA,FALSE,TRUE,NA,NA,NA,NA,NA,NA,NA,NA,NA
1,TO,S-FRM-ANN0-NOTE,256,BYLAYER,NA,FALSE,TRUE,NA,NA,NA,NA,NA,NA,NA,NA,NA
1,FROM,S-ANNO-RMTEXT,NA,NA,NA,FALSE,TRUE,NA,NA,NA,NA,NA,NA,NA,NA,NA
1,TO,DEFPOINTS,256,BYLAYER,NA,FALSE,TRUE,NA,NA,NA,NA,NA,NA,NA,NA,NA
1,FROM,S-ANNO-DETAIL,NA,NA,NA,FALSE,TRUE,NA,NA,NA,NA,NA,NA,NA,NA,NA
1,TO,S-FRM-ANN0-DTL,256,BYLAYER,NA,FALSE,TRUE,NA,NA,NA,NA,NA,NA,NA,NA,NA
1,FROM,S-ANNO-BORDER,NA,NA,NA,FALSE,TRUE,NA,NA,NA,NA,NA,NA,NA,NA,NA
1,TO,S-FRM-BKGD-HATC,256,BYLAYER,NA,FALSE,TRUE,NA,NA,NA,NA,NA,NA,NA,NA,NA
1,FROM,S-ANNO-NOPLT,NA,NA,NA,FALSE,TRUE,NA,NA,NA,NA,NA,NA,NA,NA,NA
1,TO,S-FRM-ANN0-NPLT,256,BYLAYER,NA,FALSE,TRUE,NA,NA,NA,NA,NA,NA,NA,NA,NA
1,FROM,S-FRM-BEAM,NA,NA,NA,FALSE,TRUE,NA,NA,NA,NA,NA,NA,NA,NA,NA
1,TO,S-FRM-BM,256,BYLAYER,NA,FALSE,TRUE,NA,NA,NA,NA,NA,NA,NA,NA,NA
1,FROM,S-FRM-BRG,NA,NA,NA,FALSE,TRUE,NA,NA,NA,NA,NA,NA,NA,NA,NA
1,TO,S-FRM-WL-BRG,256,BYLAYER,NA,FALSE,TRUE,NA,NA,NA,NA,NA,NA,NA,NA,NA
1,FROM,S-FRM-DIM,NA,NA,NA,FALSE,TRUE,NA,NA,NA,NA,NA,NA,NA,NA,NA
1,TO,S-FRM-ANN0-DIM,256,BYLAYER,NA,FALSE,TRUE,NA,NA,NA,NA,NA,NA,NA,NA,NA
1,FROM,S-FRM-HEADER,NA,NA,NA,FALSE,TRUE,NA,NA,NA,NA,NA,NA,NA,NA,NA
1,TO,S-FRM-BEAM,256,BYLAYER,NA,FALSE,TRUE,NA,NA,NA,NA,NA,NA,NA,NA,NA
1,FROM,S-FRM-LOAD,NA,NA,NA,FALSE,TRUE,NA,NA,NA,NA,NA,NA,NA,NA,NA
1,TO,S-FRM-ANN0-CALC,256,BYLAYER,NA,FALSE,TRUE,NA,NA,NA,NA,NA,NA,NA,NA,NA
1,FROM,S-FRM-TEXT,NA,NA,NA,FALSE,TRUE,NA,NA,NA,NA,NA,NA,NA,NA,NA
1,TO,S-FRM-ANN0-NOTE,256,BYLAYER,NA,FALSE,TRUE,NA,NA,NA,NA,NA,NA,NA,NA,NA
1,FROM,S-FRM-NAIL,NA,NA,NA,FALSE,TRUE,NA,NA,NA,NA,NA,NA,NA,NA,NA
1,TO,S-FRM-HDW-FSTN,256,BYLAYER,NA,FALSE,TRUE,NA,NA,NA,NA,NA,NA,NA,NA,NA
1,FROM,S-FRM-ARCH2,NA,NA,NA,FALSE,TRUE,NA,NA,NA,NA,NA,NA,NA,NA,NA
1,TO,S-FRM-BKGD-NPLT-ARCH1,256,BYLAYER,NA,FALSE,TRUE,NA,NA,NA,NA,NA,NA,NA,NA,NA
1,FROM,S-FRM-ARCH3,NA,NA,NA,FALSE,TRUE,NA,NA,NA,NA,NA,NA,NA,NA,NA
1,TO,S-FRM-BKGD-NPLT-ARCH2,256,BYLAYER,NA,FALSE,TRUE,NA,NA,NA,NA,NA,NA,NA,NA,NA
1,FROM,S-FRM-CJOIST,NA,NA,NA,FALSE,TRUE,NA,NA,NA,NA,NA,NA,NA,NA,NA
1,TO,S-FRM-CLG-JST-2x#2,256,BYLAYER,NA,FALSE,TRUE,NA,NA,NA,NA,NA,NA,NA,NA,NA
1,FROM,S-FRM-FJOIST,NA,NA,NA,FALSE,TRUE,NA,NA,NA,NA,NA,NA,NA,NA,NA
1,TO,S-FRM-FL-JST-2x#2,256,BYLAYER,NA,FALSE,TRUE,NA,NA,NA,NA,NA,NA,NA,NA,NA
1,FROM,S-FRM-STEEL,NA,NA,NA,FALSE,TRUE,NA,NA,NA,NA,NA,NA,NA,NA,NA
1,TO,S-FRM-BM-STEEL,256,BYLAYER,NA,FALSE,TRUE,NA,NA,NA,NA,NA,NA,NA,NA,NA
1,FROM,S-FRM-SHWALL,NA,NA,NA,FALSE,TRUE,NA,NA,NA,NA,NA,NA,NA,NA,NA
1,TO,S-FRM-WL-LAT-BWP,256,BYLAYER,NA,FALSE,TRUE,NA,NA,NA,NA,NA,NA,NA,NA,NA
1,FROM,S-FRM-RBRACE,NA,NA,NA,FALSE,TRUE,NA,NA,NA,NA,NA,NA,NA,NA,NA
1,TO,S-FRM-RF-STRUT,256,BYLAYER,NA,FALSE,TRUE,NA,NA,NA,NA,NA,NA,NA,NA,NA
1,FROM,S-FRM-ROOF,NA,NA,NA,FALSE,TRUE,NA,NA,NA,NA,NA,NA,NA,NA,NA
1,TO,S-FRM-RF-HVR-2x#2,256,BYLAYER,NA,FALSE,TRUE,NA,NA,NA,NA,NA,NA,NA,NA,NA
1,FROM,S-FRM-RAFTER,NA,NA,NA,FALSE,TRUE,NA,NA,NA,NA,NA,NA,NA,NA,NA
1,TO,S-FRM-RF-RAF-2x#2,256,BYLAYER,NA,FALSE,TRUE,NA,NA,NA,NA,NA,NA,NA,NA,NA
1,FROM,S-FRM-STLHW,NA,NA,NA,FALSE,TRUE,NA,NA,NA,NA,NA,NA,NA,NA,NA
1,TO,S-FRM-HDW-FSTN,256,BYLAYER,NA,FALSE,TRUE,NA,NA,NA,NA,NA,NA,NA,NA,NA
1,FROM,S-FRM-STEEL2,NA,NA,NA,FALSE,TRUE,NA,NA,NA,NA,NA,NA,NA,NA,NA
1,TO,S-FRM-BM-STEEL,256,BYLAYER,NA,FALSE,TRUE,NA,NA,NA,NA,NA,NA,NA,NA,NA
1,FROM,S-ANN0-REVISION,NA,NA,NA,FALSE,TRUE,NA,NA,NA,NA,NA,NA,NA,NA,NA
1,TO,S-FRM-ANN0-RDLN,256,BYLAYER,NA,FALSE,TRUE,NA,NA,NA,NA,NA,NA,NA,NA,NA
1,FROM,S-FRM-COLUMN,NA,NA,NA,FALSE,TRUE,NA,NA,NA,NA,NA,NA,NA,NA,NA
1,TO,S-FRM-WL-COL,256,BYLAYER,NA,FALSE,TRUE,NA,NA,NA,NA,NA,NA,NA,NA,NA
1,FROM,S-FRM-CALC,NA,NA,NA,FALSE,TRUE,NA,NA,NA,NA,NA,NA,NA,NA,NA
1,TO,S-FRM-BM-CALC,256,BYLAYER,NA,FALSE,TRUE,NA,NA,NA,NA,NA,NA,NA,NA,NA
1,FROM,S-FRM-NONJOIST,NA,NA,NA,FALSE,TRUE,NA,NA,NA,NA,NA,NA,NA,NA,NA
1,TO,S-FRM-BKGD-HATC,256,BYLAYER,NA,FALSE,TRUE,NA,NA,NA,NA,NA,NA,NA,NA,NA
1,FROM,S-FRM-GROUP1,NA,NA,NA,FALSE,TRUE,NA,NA,NA,NA,NA,NA,NA,NA,NA
1,TO,S-FRM-EWP-GP1,256,BYLAYER,NA,FALSE,TRUE,NA,NA,NA,NA,NA,NA,NA,NA,NA
1,FROM,S-FRM-GROUP2,NA,NA,NA,FALSE,TRUE,NA,NA,NA,NA,NA,NA,NA,NA,NA
1,TO,S-FRM-EWP-GP2,256,BYLAYER,NA,FALSE,TRUE,NA,NA,NA,NA,NA,NA,NA,NA,NA
1,FROM,S-FRM-GROUP3,NA,NA,NA,FALSE,TRUE,NA,NA,NA,NA,NA,NA,NA,NA,NA
1,TO,S-FRM-EWP-GP3,256,BYLAYER,NA,FALSE,TRUE,NA,NA,NA,NA,NA,NA,NA,NA,NA
1,FROM,S-FRM-GROUP4,NA,NA,NA,FALSE,TRUE,NA,NA,NA,NA,NA,NA,NA,NA,NA
1,TO,S-FRM-EWP-GP4,256,BYLAYER,NA,FALSE,TRUE,NA,NA,NA,NA,NA,NA,NA,NA,NA
1,FROM,S-FRM-GROUP5,NA,NA,NA,FALSE,TRUE,NA,NA,NA,NA,NA,NA,NA,NA,NA
1,TO,S-FRM-EWP-GP5,256,BYLAYER,NA,FALSE,TRUE,NA,NA,NA,NA,NA,NA,NA,NA,NA
1,FROM,S-FRM-BLK,NA,NA,NA,FALSE,TRUE,NA,NA,NA,NA,NA,NA,NA,NA,NA
1,TO,S-FRM-FL-BLK,256,BYLAYER,NA,FALSE,TRUE,NA,NA,NA,NA,NA,NA,NA,NA,NA
1,FROM,S-FRM-2x,NA,NA,NA,FALSE,TRUE,NA,NA,NA,NA,NA,NA,NA,NA,NA
1,TO,S-FRM-BM-2x#2,256,BYLAYER,NA,FALSE,TRUE,NA,NA,NA,NA,NA,NA,NA,NA,NA
1,FROM,S-FRM-RIM,NA,NA,NA,FALSE,TRUE,NA,NA,NA,NA,NA,NA,NA,NA,NA
1,TO,S-FRM-FL-RIM,256,BYLAYER,NA,FALSE,TRUE,NA,NA,NA,NA,NA,NA,NA,NA,NA
1,FROM,S-FRM-1.75,NA,NA,NA,FALSE,TRUE,NA,NA,NA,NA,NA,NA,NA,NA,NA
1,TO,S-FRM-BM-1.75-2.0E,256,BYLAYER,NA,FALSE,TRUE,NA,NA,NA,NA,NA,NA,NA,NA,NA
1,FROM,S-FRM-3.5,NA,NA,NA,FALSE,TRUE,NA,NA,NA,NA,NA,NA,NA,NA,NA
1,TO,S-FRM-BM-3.5,256,BYLAYER,NA,FALSE,TRUE,NA,NA,NA,NA,NA,NA,NA,NA,NA
1,FROM,S-FRM--5.25,NA,NA,NA,FALSE,TRUE,NA,NA,NA,NA,NA,NA,NA,NA,NA
1,TO,S-FRM-BM-5.25,256,BYLAYER,NA,FALSE,TRUE,NA,NA,NA,NA,NA,NA,NA,NA,NA
1,FROM,S-FRM-7,NA,NA,NA,FALSE,TRUE,NA,NA,NA,NA,NA,NA,NA,NA,NA
1,TO,S-FRM-BM-7,256,BYLAYER,NA,FALSE,TRUE,NA,NA,NA,NA,NA,NA,NA,NA,NA
1,FROM,S-FRM-BOUND,NA,NA,NA,FALSE,TRUE,NA,NA,NA,NA,NA,NA,NA,NA,NA
1,TO,S-FRM-BKGD-HATC,256,BYLAYER,NA,FALSE,TRUE,NA,NA,NA,NA,NA,NA,NA,NA,NA
1,FROM,S-FRM-LLOAD,NA,NA,NA,FALSE,TRUE,NA,NA,NA,NA,NA,NA,NA,NA,NA
1,TO,IDK,256,BYLAYER,NA,FALSE,TRUE,NA,NA,NA,NA,NA,NA,NA,NA,NA
1,FROM,S-FRM-PLOAD,NA,NA,NA,FALSE,TRUE,NA,NA,NA,NA,NA,NA,NA,NA,NA
1,TO,IDK,256,BYLAYER,NA,FALSE,TRUE,NA,NA,NA,NA,NA,NA,NA,NA,NA
1,FROM,S-FRM-DIR,NA,NA,NA,FALSE,TRUE,NA,NA,NA,NA,NA,NA,NA,NA,NA
1,TO,IDK,256,BYLAYER,NA,FALSE,TRUE,NA,NA,NA,NA,NA,NA,NA,NA,NA
1,FROM,S-FRM-FARFTER,NA,NA,NA,FALSE,TRUE,NA,NA,NA,NA,NA,NA,NA,NA,NA
1,TO,S-FRM-RF-RAF-NOTAG,256,BYLAYER,NA,FALSE,TRUE,NA,NA,NA,NA,NA,NA,NA,NA,NA
1,FROM,S-ANNO-REDLINE,NA,NA,NA,FALSE,TRUE,NA,NA,NA,NA,NA,NA,NA,NA,NA
1,TO,S-FRM-ANNO-RDLN,256,BYLAYER,NA,FALSE,TRUE,NA,NA,NA,NA,NA,NA,NA,NA,NA
1,FROM,S-ANNO-TDIDIM,NA,NA,NA,FALSE,TRUE,NA,NA,NA,NA,NA,NA,NA,NA,NA
1,TO,S-FRM-ANN0-NPLT,256,BYLAYER,NA,FALSE,TRUE,NA,NA,NA,NA,NA,NA,NA,NA,NA
1,FROM,S-FRM-RDG,NA,NA,NA,FALSE,TRUE,NA,NA,NA,NA,NA,NA,NA,NA,NA
1,TO,S-FRM-RF-HVR-2x#2,256,BYLAYER,NA,FALSE,TRUE,NA,NA,NA,NA,NA,NA,NA,NA,NA
1,FROM,S-FRM-CRNC,NA,NA,NA,FALSE,TRUE,NA,NA,NA,NA,NA,NA,NA,NA,NA
1,TO,IDK,256,BYLAYER,NA,FALSE,TRUE,NA,NA,NA,NA,NA,NA,NA,NA,NA
1,FROM,S-ANNO-COMMENT,NA,NA,NA,FALSE,TRUE,NA,NA,NA,NA,NA,NA,NA,NA,NA
1,TO,S-FRM-ANN0-RDLN,256,BYLAYER,NA,FALSE,TRUE,NA,NA,NA,NA,NA,NA,NA,NA,NA
1,FROM,S-FRM-PERMIT,NA,NA,NA,FALSE,TRUE,NA,NA,NA,NA,NA,NA,NA,NA,NA
1,TO,DELETE,256,BYLAYER,NA,FALSE,TRUE,NA,NA,NA,NA,NA,NA,NA,NA,NA
1,FROM,S-FRM-REVIEW,NA,NA,NA,FALSE,TRUE,NA,NA,NA,NA,NA,NA,NA,NA,NA
1,TO,DELETE,256,BYLAYER,NA,FALSE,TRUE,NA,NA,NA,NA,NA,NA,NA,NA,NA
1,FROM,S-SHW-LIB,NA,NA,NA,FALSE,TRUE,NA,NA,NA,NA,NA,NA,NA,NA,NA
1,TO,S-FRM-WL-LAT-LIB,256,BYLAYER,NA,FALSE,TRUE,NA,NA,NA,NA,NA,NA,NA,NA,NA
1,FROM,S-SHW-WSP,NA,NA,NA,FALSE,TRUE,NA,NA,NA,NA,NA,NA,NA,NA,NA
1,TO,S-FRM-WL-LAT-WSP,256,BYLAYER,NA,FALSE,TRUE,NA,NA,NA,NA,NA,NA,NA,NA,NA
1,FROM,S-SHW-GROUP1,NA,NA,NA,FALSE,TRUE,NA,NA,NA,NA,NA,NA,NA,NA,NA
1,TO,S-FRM-WL-LAT-BWP,256,BYLAYER,NA,FALSE,TRUE,NA,NA,NA,NA,NA,NA,NA,NA,NA
1,FROM,S-SHW-GROUP2,NA,NA,NA,FALSE,TRUE,NA,NA,NA,NA,NA,NA,NA,NA,NA
1,TO,S-FRM-WL-LAT-BWP,256,BYLAYER,NA,FALSE,TRUE,NA,NA,NA,NA,NA,NA,NA,NA,NA
1,FROM,S-SHW-GROUP3,NA,NA,NA,FALSE,TRUE,NA,NA,NA,NA,NA,NA,NA,NA,NA
1,TO,S-FRM-WL-LAT-BWP,256,BYLAYER,NA,FALSE,TRUE,NA,NA,NA,NA,NA,NA,NA,NA,NA
1,FROM,S-SHW-HOLD,NA,NA,NA,FALSE,TRUE,NA,NA,NA,NA,NA,NA,NA,NA,NA
1,TO,S-FRM-HDW-HLDN,256,BYLAYER,NA,FALSE,TRUE,NA,NA,NA,NA,NA,NA,NA,NA,NA
1,FROM,S-SHW-DRAG,NA,NA,NA,FALSE,TRUE,NA,NA,NA,NA,NA,NA,NA,NA,NA
1,TO,S-FRM-WL-LAT-DRAG,256,BYLAYER,NA,FALSE,TRUE,NA,NA,NA,NA,NA,NA,NA,NA,NA
1,FROM,S-SHW-DIM,NA,NA,NA,FALSE,TRUE,NA,NA,NA,NA,NA,NA,NA,NA,NA
1,TO,S-FRM-ANN0-DIM,256,BYLAYER,NA,FALSE,TRUE,NA,NA,NA,NA,NA,NA,NA,NA,NA
1,FROM,S-FRM-HNGR,NA,NA,NA,FALSE,TRUE,NA,NA,NA,NA,NA,NA,NA,NA,NA
1,TO,S-FRM-HDW-HNGR,256,BYLAYER,NA,FALSE,TRUE,NA,NA,NA,NA,NA,NA,NA,NA,NA
1,FROM,S-FRM-TAGS,NA,NA,NA,FALSE,TRUE,NA,NA,NA,NA,NA,NA,NA,NA,NA
1,TO,S-FRM-ANN0-NOTE,256,BYLAYER,NA,FALSE,TRUE,NA,NA,NA,NA,NA,NA,NA,NA,NA
1,FROM,S-FRM-PURLIN,NA,NA,NA,FALSE,TRUE,NA,NA,NA,NA,NA,NA,NA,NA,NA
1,TO,S-FRM-RF-PRLN,256,BYLAYER,NA,FALSE,TRUE,NA,NA,NA,NA,NA,NA,NA,NA,NA
1,FROM,S-ANNO-AUTOMATION,NA,NA,NA,FALSE,TRUE,NA,NA,NA,NA,NA,NA,NA,NA,NA
1,TO,S-FRM-AUTO,256,BYLAYER,NA,FALSE,TRUE,NA,NA,NA,NA,NA,NA,NA,NA,NA
1,FROM,S-ANNO-TITLE,NA,NA,NA,FALSE,TRUE,NA,NA,NA,NA,NA,NA,NA,NA,NA
1,TO,S-FRM-ANNO-NOTE,256,BYLAYER,NA,FALSE,TRUE,NA,NA,NA,NA,NA,NA,NA,NA,NA
1,FROM,S-FRM-XREF,NA,NA,NA,FALSE,TRUE,NA,NA,NA,NA,NA,NA,NA,NA,NA
1,TO,0,256,BYLAYER,NA,FALSE,TRUE,NA,NA,NA,NA,NA,NA,NA,NA,NA
1,FROM,S-FRM-FALSERF,NA,NA,NA,FALSE,TRUE,NA,NA,NA,NA,NA,NA,NA,NA,NA
1,TO,S-FRM-RF-RAF-NOTAG,256,BYLAYER,NA,FALSE,TRUE,NA,NA,NA,NA,NA,NA,NA,NA,NA
1,FROM,S-FRM-FASLEHP,NA,NA,NA,FALSE,TRUE,NA,NA,NA,NA,NA,NA,NA,NA,NA
1,TO,S-FRM-RF-HVR-NOTAG,256,BYLAYER,NA,FALSE,TRUE,NA,NA,NA,NA,NA,NA,NA,NA,NA
1,FROM,S-ANN0-TEMP,NA,NA,NA,FALSE,TRUE,NA,NA,NA,NA,NA,NA,NA,NA,NA
1,TO,S-FRM-AUTO,256,BYLAYER,NA,FALSE,TRUE,NA,NA,NA,NA,NA,NA,NA,NA,NA
1,FROM,S-ANNO-TEMP2,NA,NA,NA,FALSE,TRUE,NA,NA,NA,NA,NA,NA,NA,NA,NA
1,TO,S-FRM-AUTO,256,BYLAYER,NA,FALSE,TRUE,NA,NA,NA,NA,NA,NA,NA,NA,NA
1,FROM,S-FRM-HATCH,NA,NA,NA,FALSE,TRUE,NA,NA,NA,NA,NA,NA,NA,NA,NA
1,TO,S-FRM-BKGD-HATC,256,BYLAYER,NA,FALSE,TRUE,NA,NA,NA,NA,NA,NA,NA,NA,NA
1,FROM,S-FRM-ATTIC,NA,NA,NA,FALSE,TRUE,NA,NA,NA,NA,NA,NA,NA,NA,NA
1,TO,S-FRM-BKGD-HATC,256,BYLAYER,NA,FALSE,TRUE,NA,NA,NA,NA,NA,NA,NA,NA,NA
1,FROM,S-FRM-ARCH,NA,NA,NA,FALSE,TRUE,NA,NA,NA,NA,NA,NA,NA,NA,NA
1,TO,S-FRM-BKGD-ARCH1,256,BYLAYER,NA,FALSE,TRUE,NA,NA,NA,NA,NA,NA,NA,NA,NA
2,FROM,DPIS-RAFTERS,NA,NA,NA,FALSE,TRUE,NA,NA,NA,NA,NA,NA,NA,NA,NA
2,TO,S-FRM-RF-RAF-2x#2,256,BYLAYER,NA,FALSE,TRUE,NA,NA,NA,NA,NA,NA,NA,NA,NA
2,FROM,DPIS-ATTIC,NA,NA,NA,FALSE,TRUE,NA,NA,NA,NA,NA,NA,NA,NA,NA
2,TO,S-FRM-HATCH,256,BYLAYER,NA,FALSE,TRUE,NA,NA,NA,NA,NA,NA,NA,NA,NA
2,FROM,DPIS-BEAMS,NA,NA,NA,FALSE,TRUE,NA,NA,NA,NA,NA,NA,NA,NA,NA
2,TO,S-FRM-BM,256,BYLAYER,NA,FALSE,TRUE,NA,NA,NA,NA,NA,NA,NA,NA,NA
2,FROM,DPIS-BL,NA,NA,NA,FALSE,TRUE,NA,NA,NA,NA,NA,NA,NA,NA,NA
2,TO,S-FRM-BKGD-1,256,BYLAYER,NA,FALSE,TRUE,NA,NA,NA,NA,NA,NA,NA,NA,NA
2,FROM,DPIS-BWL,NA,NA,NA,FALSE,TRUE,NA,NA,NA,NA,NA,NA,NA,NA,NA
2,TO,S-FRM-WL-LAT-BWL,256,BYLAYER,NA,FALSE,TRUE,NA,NA,NA,NA,NA,NA,NA,NA,NA
2,FROM,DPIS-CATWALK,NA,NA,NA,FALSE,TRUE,NA,NA,NA,NA,NA,NA,NA,NA,NA
2,TO,S-FRM-HATCH,256,BYLAYER,NA,FALSE,TRUE,NA,NA,NA,NA,NA,NA,NA,NA,NA
2,FROM,DPIS-COMMENT,NA,NA,NA,FALSE,TRUE,NA,NA,NA,NA,NA,NA,NA,NA,NA
2,TO,S-FRM-ANNO-RDLN,256,BYLAYER,NA,FALSE,TRUE,NA,NA,NA,NA,NA,NA,NA,NA,NA
2,FROM,DPIS-DIM,NA,NA,NA,FALSE,TRUE,NA,NA,NA,NA,NA,NA,NA,NA,NA
2,TO,S-FRM-ANNO-DIM,256,BYLAYER,NA,FALSE,TRUE,NA,NA,NA,NA,NA,NA,NA,NA,NA
2,FROM,DPIS-DRAG STRUT,NA,NA,NA,FALSE,TRUE,NA,NA,NA,NA,NA,NA,NA,NA,NA
2,TO,S-FRM-WL-LAT-DRAG,256,BYLAYER,NA,FALSE,TRUE,NA,NA,NA,NA,NA,NA,NA,NA,NA
2,FROM,DPIS-ENG PANEL,NA,NA,NA,FALSE,TRUE,NA,NA,NA,NA,NA,NA,NA,NA,NA
2,TO,S-FRM-WL-LAT-BWP,256,BYLAYER,NA,FALSE,TRUE,NA,NA,NA,NA,NA,NA,NA,NA,NA
2,FROM,DPIS-HATCH,NA,NA,NA,FALSE,TRUE,NA,NA,NA,NA,NA,NA,NA,NA,NA
2,TO,S-FRM-BKGD-HATC,256,BYLAYER,NA,FALSE,TRUE,NA,NA,NA,NA,NA,NA,NA,NA,NA
2,FROM,DPIS-HEADER,NA,NA,NA,FALSE,TRUE,NA,NA,NA,NA,NA,NA,NA,NA,NA
2,TO,S-FRM-BM,NA,BYLAYER,NA,FALSE,TRUE,NA,NA,NA,NA,NA,NA,NA,NA,NA
2,FROM,DPIS-HNGR TAG,NA,NA,NA,FALSE,TRUE,NA,NA,NA,NA,NA,NA,NA,NA,NA
2,TO,S-FRM-ANNO-TTAG,256,BYLAYER,NA,FALSE,TRUE,NA,NA,NA,NA,NA,NA,NA,NA,NA
2,FROM,DPIS-HOLDDOWN,NA,NA,NA,FALSE,TRUE,NA,NA,NA,NA,NA,NA,NA,NA,NA
2,TO,S-FRM-HDW-HLDN,256,BYLAYER,NA,FALSE,TRUE,NA,NA,NA,NA,NA,NA,NA,NA,NA
2,FROM,DPIS-JOISTS,3,NA,NA,FALSE,TRUE,NA,NA,NA,NA,NA,NA,NA,NA,NA
2,TO,S-FRM-FL-JST-2x#2,256,BYLAYER,NA,FALSE,TRUE,NA,NA,NA,NA,NA,NA,NA,NA,NA
2,FROM,DPIS-JOISTS,NA,NA,NA,FALSE,TRUE,NA,NA,NA,NA,NA,NA,NA,NA,NA
2,TO,S-FRM-CLG-JST-2x#2,256,BYLAYER,NA,FALSE,TRUE,NA,NA,NA,NA,NA,NA,NA,NA,NA
2,FROM,DPIS-LOADS,NA,NA,NA,FALSE,TRUE,NA,NA,NA,NA,NA,NA,NA,NA,NA
2,TO,S-FRM-RF-TRIB,256,BYLAYER,NA,FALSE,TRUE,NA,NA,NA,NA,NA,NA,NA,NA,NA
2,FROM,DPIS-LOADS2,NA,NA,NA,FALSE,TRUE,NA,NA,NA,NA,NA,NA,NA,NA,NA
2,TO,S-FRM-ANNO--CALC,256,BYLAYER,NA,FALSE,TRUE,NA,NA,NA,NA,NA,NA,NA,NA,NA
2,FROM,DPIS-MTO,NA,NA,NA,FALSE,TRUE,NA,NA,NA,NA,NA,NA,NA,NA,NA
2,TO,S-FRM-ANNO--MTO,256,BYLAYER,NA,FALSE,TRUE,NA,NA,NA,NA,NA,NA,NA,NA,NA
2,FROM,DPIS-NOTES,NA,NA,NA,FALSE,TRUE,NA,NA,NA,NA,NA,NA,NA,NA,NA
2,TO,S-FRM-ANNO--NOTE,256,BYLAYER,NA,FALSE,TRUE,NA,NA,NA,NA,NA,NA,NA,NA,NA
2,FROM,DPIS-OVERLAY,NA,NA,NA,FALSE,TRUE,NA,NA,NA,NA,NA,NA,NA,NA,NA
2,TO,S-FRM-BKGD-NPLT-2,256,BYLAYER,NA,FALSE,TRUE,NA,NA,NA,NA,NA,NA,NA,NA,NA
2,FROM,DPIS-PURLINS,NA,NA,NA,FALSE,TRUE,NA,NA,NA,NA,NA,NA,NA,NA,NA
2,TO,S-FRM-RF-PRLN,256,BYLAYER,NA,FALSE,TRUE,NA,NA,NA,NA,NA,NA,NA,NA,NA
2,FROM,DPIS-RAFTERS,NA,NA,NA,FALSE,TRUE,NA,NA,NA,NA,NA,NA,NA,NA,NA
2,TO,S-FRM-RF-RAF-2x#2,256,BYLAYER,NA,FALSE,TRUE,NA,NA,NA,NA,NA,NA,NA,NA,NA
2,FROM,DPIS-ROOF,NA,NA,NA,FALSE,TRUE,NA,NA,NA,NA,NA,NA,NA,NA,NA
2,TO,S-FRM-RF-HVR-2x#2,256,BYLAYER,NA,FALSE,TRUE,NA,NA,NA,NA,NA,NA,NA,NA,NA
2,FROM,DPIS-SHEARWALL,NA,NA,NA,FALSE,TRUE,NA,NA,NA,NA,NA,NA,NA,NA,NA
2,TO,S-FRM-WL-LAT-BWP,256,BYLAYER,NA,FALSE,TRUE,NA,NA,NA,NA,NA,NA,NA,NA,NA
2,FROM,DPIS-STRUTS,NA,NA,NA,FALSE,TRUE,NA,NA,NA,NA,NA,NA,NA,NA,NA
2,TO,S-FRM-RF-STRUT,256,BYLAYER,NA,FALSE,TRUE,NA,NA,NA,NA,NA,NA,NA,NA,NA
2,FROM,DPIS-SYMBOL,NA,NA,NA,FALSE,TRUE,NA,NA,NA,NA,NA,NA,NA,NA,NA
2,TO,S-FRM-ANNO-DTL,256,BYLAYER,NA,FALSE,TRUE,NA,NA,NA,NA,NA,NA,NA,NA,NA
2,FROM,DPIS-TAGS,NA,NA,NA,FALSE,TRUE,NA,NA,NA,NA,NA,NA,NA,NA,NA
2,TO,S-FRM-ANN0-NOTE,256,BYLAYER,NA,FALSE,TRUE,NA,NA,NA,NA,NA,NA,NA,NA,NA
2,FROM,DPIS-TAKEOFFS,NA,NA,NA,FALSE,TRUE,NA,NA,NA,NA,NA,NA,NA,NA,NA
2,TO,S-FRM-ANN0-TTAG,256,BYLAYER,NA,FALSE,TRUE,NA,NA,NA,NA,NA,NA,NA,NA,NA
2,FROM,DPIS-TEMP,NA,NA,NA,FALSE,TRUE,NA,NA,NA,NA,NA,NA,NA,NA,NA
2,TO,S-FRM-AUTO,256,BYLAYER,NA,FALSE,TRUE,NA,NA,NA,NA,NA,NA,NA,NA,NA
2,FROM,DPIS-TEMP2,NA,NA,NA,FALSE,TRUE,NA,NA,NA,NA,NA,NA,NA,NA,NA
2,TO,S-FRM-AUTO,256,BYLAYER,NA,FALSE,TRUE,NA,NA,NA,NA,NA,NA,NA,NA,NA
2,FROM,DPIS-TEXT,NA,NA,NA,FALSE,TRUE,NA,NA,NA,NA,NA,NA,NA,NA,NA
2,TO,S-FRM-ANNO-NOTE,256,BYLAYER,NA,FALSE,TRUE,NA,NA,NA,NA,NA,NA,NA,NA,NA
2,FROM,DPIS-TITLEBLOCK,NA,NA,NA,FALSE,TRUE,NA,NA,NA,NA,NA,NA,NA,NA,NA
2,TO,S-FRM-ANN0-NOTE,256,BYLAYER,NA,FALSE,TRUE,NA,NA,NA,NA,NA,NA,NA,NA,NA
2,FROM,DPIS-WALLS,NA,NA,NA,FALSE,TRUE,NA,NA,NA,NA,NA,NA,NA,NA,NA
2,TO,S-FRM-BKGD-1,256,BYLAYER,NA,FALSE,TRUE,NA,NA,NA,NA,NA,NA,NA,NA,NA
3,FROM,DPIS-PERMIT,NA,NA,NA,TRUE,TRUE,NA,NA,NA,NA,NA,NA,NA,NA,NA
3,TO,DELETE,256,BYLAYER,NA,TRUE,TRUE,NA,NA,NA,NA,NA,NA,NA,NA,NA
3,FROM,DPIS-REVIEW,NA,NA,NA,TRUE,TRUE,NA,NA,NA,NA,NA,NA,NA,NA,NA
3,TO,DELETE,256,BYLAYER,NA,TRUE,TRUE,NA,NA,NA,NA,NA,NA,NA,NA,NA
3,FROM,NA,NA,NA,NA,TRUE,TRUE,NA,NA,NA,NA,*BEAM BELOW,NA,NA,NA,NA
3,TO,DELETE,256,BYLAYER,NA,TRUE,TRUE,NA,NA,NA,NA,NA,NA,NA,NA,NA
3,FROM,NA,NA,NA,NA,TRUE,TRUE,NA,NA,NA,NA,*HEADER BELOW,NA,NA,NA,NA
3,TO,DELETE,256,BYLAYER,NA,TRUE,TRUE,NA,NA,NA,NA,NA,NA,NA,NA,NA
3,FROM,NA,NA,NA,NA,TRUE,TRUE,NA,NA,NA,NA,*GARAGE HEADER BELOW,NA,NA,NA,NA
3,TO,DELETE,256,BYLAYER,NA,TRUE,TRUE,NA,NA,NA,NA,NA,NA,NA,NA,NA
3,FROM,NA,NA,NA,NA,TRUE,TRUE,NA,NA,NA,NA,*DBL.,NA,NA,NA,NA
3,TO,DELETE,256,BYLAYER,NA,TRUE,TRUE,NA,NA,NA,NA,NA,NA,NA,NA,NA
3,FROM,NA,NA,NA,NA,TRUE,TRUE,NA,NA,NA,NA,*TPL.,NA,NA,NA,NA
3,TO,DELETE,256,BYLAYER,NA,TRUE,TRUE,NA,NA,NA,NA,NA,NA,NA,NA,NA
3,FROM,NA,NA,NA,NA,TRUE,TRUE,NA,NA,NA,NA,*PURLIN,NA,NA,NA,NA
3,TO,DELETE,256,BYLAYER,NA,TRUE,TRUE,NA,NA,NA,NA,NA,NA,NA,NA,NA
4,FROM,NA,NA,NA,NA,FALSE,TRUE,NA,NA,NA,NA,NA,NA,NA,NA,NA
4,TO,NA,NA,NA,NA,FALSE,TRUE,NA,NA,NA,NA,NA,NA,NA,NA,NA
5,FROM,S-FRM-ANN0-NOTE,NA,NA,NA,FALSE,TRUE,NA,NA,NA,NA,NA,12,LINE,S-FRM-RF-RAF-2x#2,NA
5,TO,S-FRM-RF-RAF-TAG,NA,NA,NA,FALSE,TRUE,NA,NA,NA,NA,NA,NA,NA,NA,NA
6,FROM,NA,NA,NA,NA,FALSE,TRUE,NA,NA,NA,NA,2x4x,NA,NA,NA,NA
6,TO,NA,NA,NA,NA,FALSE,TRUE,NA,NA,NA,NA,2x4-,NA,NA,NA,NA
6,FROM,NA,NA,NA,NA,FALSE,TRUE,NA,NA,NA,NA,2x6x,NA,NA,NA,NA
6,TO,NA,NA,NA,NA,FALSE,TRUE,NA,NA,NA,NA,2x6-,NA,NA,NA,NA
6,FROM,NA,NA,NA,NA,FALSE,TRUE,NA,NA,NA,NA,2x8x,NA,NA,NA,NA
6,TO,NA,NA,NA,NA,FALSE,TRUE,NA,NA,NA,NA,2x8-,NA,NA,NA,NA
6,FROM,NA,NA,NA,NA,FALSE,TRUE,NA,NA,NA,NA,2x10x,NA,NA,NA,NA
6,TO,NA,NA,NA,NA,FALSE,TRUE,NA,NA,NA,NA,2x10-,NA,NA,NA,NA
6,FROM,NA,NA,NA,NA,FALSE,TRUE,NA,NA,NA,NA,2x12x,NA,NA,NA,NA
6,TO,NA,NA,NA,NA,FALSE,TRUE,NA,NA,NA,NA,2x12-,NA,NA,NA,NA
6,FROM,NA,NA,NA,NA,FALSE,TRUE,NA,NA,NA,NA,(2),NA,NA,NA,NA
6,TO,NA,NA,NA,NA,FALSE,TRUE,NA,NA,NA,NA,2~,NA,NA,NA,NA
6,FROM,NA,NA,NA,NA,FALSE,TRUE,NA,NA,NA,NA,(3),NA,NA,NA,NA
6,TO,NA,NA,NA,NA,FALSE,TRUE,NA,NA,NA,NA,3~,NA,NA,NA,NA
6,FROM,NA,NA,NA,NA,FALSE,TRUE,NA,NA,NA,NA,(4),NA,NA,NA,NA
6,TO,NA,NA,NA,NA,FALSE,TRUE,NA,NA,NA,NA,4~,NA,NA,NA,NA
6,FROM,NA,NA,NA,NA,FALSE,TRUE,NA,NA,NA,NA,(5),NA,NA,NA,NA
6,TO,NA,NA,NA,NA,FALSE,TRUE,NA,NA,NA,NA,5~,NA,NA,NA,NA
6,FROM,NA,NA,NA,NA,FALSE,TRUE,NA,NA,NA,NA,(1),NA,NA,NA,NA
6,TO,NA,NA,NA,NA,FALSE,TRUE,NA,NA,NA,NA,1~,NA,NA,NA,NA
6,FROM,NA,NA,NA,NA,FALSE,TRUE,NA,NA,NA,NA,sgl,NA,NA,NA,NA
6,TO,NA,NA,NA,NA,FALSE,TRUE,NA,NA,NA,NA,1~,NA,NA,NA,NA
6,FROM,NA,NA,NA,NA,FALSE,TRUE,NA,NA,NA,NA,sngl,NA,NA,NA,NA
6,TO,NA,NA,NA,NA,FALSE,TRUE,NA,NA,NA,NA,1~,NA,NA,NA,NA
6,FROM,NA,NA,NA,NA,FALSE,TRUE,NA,NA,NA,NA,dbl,NA,NA,NA,NA
6,TO,NA,NA,NA,NA,FALSE,TRUE,NA,NA,NA,NA,2~,NA,NA,NA,NA
6,FROM,NA,NA,NA,NA,FALSE,TRUE,NA,NA,NA,NA,tpl,NA,NA,NA,NA
6,TO,NA,NA,NA,NA,FALSE,TRUE,NA,NA,NA,NA,3~,NA,NA,NA,NA
6,FROM,NA,NA,NA,NA,FALSE,TRUE,NA,NA,NA,NA,trpl,NA,NA,NA,NA
6,TO,NA,NA,NA,NA,FALSE,TRUE,NA,NA,NA,NA,3~,NA,NA,NA,NA
6,FROM,NA,NA,NA,NA,FALSE,TRUE,NA,NA,NA,NA,quad,NA,NA,NA,NA
6,TO,NA,NA,NA,NA,FALSE,TRUE,NA,NA,NA,NA,4~,NA,NA,NA,NA
6,FROM,NA,NA,NA,NA,FALSE,TRUE,NA,NA,NA,NA,~ 2,NA,NA,NA,NA
6,TO,NA,NA,NA,NA,FALSE,TRUE,NA,NA,NA,NA,~2,NA,NA,NA,NA
6,FROM,NA,NA,NA,NA,FALSE,TRUE,NA,NA,NA,NA,~ 1,NA,NA,NA,NA
6,TO,NA,NA,NA,NA,FALSE,TRUE,NA,NA,NA,NA,~1,NA,NA,NA,NA
6,FROM,NA,NA,NA,NA,FALSE,TRUE,NA,NA,NA,NA,#2 syp,NA,NA,NA,NA
6,TO,NA,NA,NA,NA,FALSE,TRUE,NA,NA,NA,NA,#2,NA,NA,NA,NA
6,FROM,NA,NA,NA,NA,FALSE,TRUE,NA,NA,NA,NA,#3 syp,NA,NA,NA,NA
6,TO,NA,NA,NA,NA,FALSE,TRUE,NA,NA,NA,NA,#3,NA,NA,NA,NA
6,FROM,NA,NA,NA,NA,FALSE,TRUE,NA,NA,NA,NA,2x4s,NA,NA,NA,NA
6,TO,NA,NA,NA,NA,FALSE,TRUE,NA,NA,NA,NA,2x4,NA,NA,NA,NA
6,FROM,NA,NA,NA,NA,FALSE,TRUE,NA,NA,NA,NA,2x6s,NA,NA,NA,NA
6,TO,NA,NA,NA,NA,FALSE,TRUE,NA,NA,NA,NA,2x6,NA,NA,NA,NA
6,FROM,NA,NA,NA,NA,FALSE,TRUE,NA,NA,NA,NA,2x8s,NA,NA,NA,NA
6,TO,NA,NA,NA,NA,FALSE,TRUE,NA,NA,NA,NA,2x8,NA,NA,NA,NA
6,FROM,NA,NA,NA,NA,FALSE,TRUE,NA,NA,NA,NA,2x10s,NA,NA,NA,NA
6,TO,NA,NA,NA,NA,FALSE,TRUE,NA,NA,NA,NA,2x10,NA,NA,NA,NA
6,FROM,NA,NA,NA,NA,FALSE,TRUE,NA,NA,NA,NA,2x12s,NA,NA,NA,NA
6,TO,NA,NA,NA,NA,FALSE,TRUE,NA,NA,NA,NA,2x12,NA,NA,NA,NA
6,FROM,NA,NA,NA,NA,FALSE,TRUE,NA,NA,NA,NA,#2 FB,NA,NA,NA,NA
6,TO,NA,NA,NA,NA,FALSE,TRUE,NA,NA,NA,NA,#2 BM,NA,NA,NA,NA
6,FROM,NA,NA,NA,NA,FALSE,TRUE,NA,NA,NA,NA,#3 FB,NA,NA,NA,NA
6,TO,NA,NA,NA,NA,FALSE,TRUE,NA,NA,NA,NA,#3 BM,NA,NA,NA,NA
6,FROM,NA,NA,NA,NA,FALSE,TRUE,NA,NA,NA,NA,FLUSH BM. ,NA,NA,NA,NA
6,TO,NA,NA,NA,NA,FALSE,TRUE,NA,NA,NA,NA,BM,NA,NA,NA,NA
6,FROM,NA,NA,NA,NA,FALSE,TRUE,NA,NA,NA,NA,FLUSH BM,NA,NA,NA,NA
6,TO,NA,NA,NA,NA,FALSE,TRUE,NA,NA,NA,NA,BM,NA,NA,NA,NA
6,FROM,NA,NA,NA,NA,FALSE,TRUE,NA,NA,NA,NA,GARAGE HEADER,NA,NA,NA,NA
6,TO,NA,NA,NA,NA,FALSE,TRUE,NA,NA,NA,NA,HDR,NA,NA,NA,NA
6,FROM,NA,NA,NA,NA,FALSE,TRUE,NA,NA,NA,NA,GARAGE HDR,NA,NA,NA,NA
6,TO,NA,NA,NA,NA,FALSE,TRUE,NA,NA,NA,NA,HDR,NA,NA,NA,NA
6,FROM,NA,NA,NA,NA,FALSE,TRUE,NA,NA,NA,NA,HEADER,NA,NA,NA,NA
6,TO,NA,NA,NA,NA,FALSE,TRUE,NA,NA,NA,NA,HDR,NA,NA,NA,NA
6,FROM,NA,NA,NA,NA,FALSE,TRUE,NA,NA,NA,NA,2-,NA,NA,NA,NA
6,TO,NA,NA,NA,NA,FALSE,TRUE,NA,NA,NA,NA,2~,NA,NA,NA,NA
6,FROM,NA,NA,NA,NA,FALSE,TRUE,NA,NA,NA,NA,3~,NA,NA,NA,NA
6,TO,NA,NA,NA,NA,FALSE,TRUE,NA,NA,NA,NA,3~,NA,NA,NA,NA
6,FROM,NA,NA,NA,NA,FALSE,TRUE,NA,NA,NA,NA,4-,NA,NA,NA,NA
6,TO,NA,NA,NA,NA,FALSE,TRUE,NA,NA,NA,NA,4~,NA,NA,NA,NA
6,FROM,NA,NA,NA,NA,FALSE,TRUE,NA,NA,NA,NA,5-,NA,NA,NA,NA
6,TO,NA,NA,NA,NA,FALSE,TRUE,NA,NA,NA,NA,5~,NA,NA,NA,NA
6,FROM,NA,NA,NA,NA,FALSE,TRUE,NA,NA,NA,NA,~. ,NA,NA,NA,NA
6,TO,NA,NA,NA,NA,FALSE,TRUE,NA,NA,NA,NA,~,NA,NA,NA,NA
